<?xml version="1.0" encoding="UTF-8"?>
<keywords>
   <keywords>
      <text FeatureID="-1">editing notes</text>
      <target FeatureID="-1" href="NMAKE_HLP_MEMO_VIEWER_EDIT.html">Edit notes in applications</target>
   </keywords>
   <keywords>
      <text FeatureID="-1">receiving notes</text>
      <target FeatureID="-1" href="NMAKE_HLP_MEMO_VIEWER.html">View received notes</target>
   </keywords>
   <keywords>
      <text FeatureID="-1">message templates</text>
      <target FeatureID="-1" href="NMAKE_HLP_TEMPLATE_EDITOR.html">Write message templates</target>
   </keywords>
   <keywords>
      <text FeatureID="-1">creating message templates</text>
      <target FeatureID="-1" href="NMAKE_HLP_TEMPLATE_EDITOR.html">Write message templates</target>
   </keywords>
   <keywords>
      <text FeatureID="-1">writing message templates</text>
      <target FeatureID="-1" href="NMAKE_HLP_TEMPLATE_EDITOR.html">Write message templates</target>
   </keywords>
   <keywords>
      <text FeatureID="-1">notes list</text>
      <target FeatureID="-1" href="NMAKE_HLP_MEMO_LIST.html">Notes list</target>
   </keywords>
   <keywords>
      <text FeatureID="-1">writing notes</text>
      <target FeatureID="-1" href="NMAKE_HLP_MEMO_LIST.html">Notes list</target>
      <target FeatureID="-1" href="NMAKE_HLP_MEMO_EDITOR_APPS.html">Write notes in applications</target>
      <target FeatureID="-1" href="NMAKE_HLP_MEMO_EDITOR.html">Write notes</target>
   </keywords>
</keywords>