﻿<?xml version="1.0" encoding="utf-8"?>
<!--Arbortext, Inc., 1988-2004, v.4002-->
<!DOCTYPE dita PUBLIC "-//IBM//DTD DITA Composite//EN"
 "ditabase.dtd">
<?Pub UDT instructions _comment FontColor="red"?>
<?Pub UDT template _font?>
<?Pub Inc?>
<dita>
<topic id="mainTopic" otherprops="" product="documentTitle" rev="DN0739892">
<title>S60 3.2 Calendar Launcher API Specification Document</title>
<prolog>
<copyright><copyryear year="2007"/><copyrholder>Nokia</copyrholder></copyright>
<metadata>
<category>SDK</category>
</metadata></prolog>
<body>
<table audience="S60 licensees" platform="3.2" rev="S603.2licensee">
<title>Changes in S60 3.2 Calendar Launcher API documentation</title>
<tgroup cols="4">
<?PubTbl tgroup rth="1.00pt"?>
<colspec colname="col1" colwidth="0.67*"/><colspec colname="col2" colwidth="0.67*"/>
<colspec colname="col3" colwidth="1.33*"/><colspec colname="col4" colwidth="1.33*"/>
<thead>
<row>
<entry>Version</entry>
<entry>Date</entry>
<entry>Status</entry>
<entry>Description</entry>
</row>
</thead>
<tbody>
<row>
<entry>1.0</entry>
<entry>11.04.2007</entry>
<entry>Approved</entry>
<entry> </entry>
</row>
</tbody>
</tgroup>
</table>
<table audience="S60 SDK" platform="3.2" rev="S603.2SDK">
<title>Changes in 3.2 Calendar Launcher API</title>
<tgroup cols="1"><colspec colname="col1"/>
<thead>
<row>
<entry>Description</entry>
</row>
</thead>
<tbody>
<row>
<entry>First version.</entry>
</row>
<row>
<entry></entry>
</row>
</tbody>
</tgroup>
</table>
</body>
</topic>
<topic id="topic1">
<title>Purpose</title>
<body>
<p>The purpose of Calendar Launcher API is to enable applications to launch
 the S60 Calendar application.</p>
</body>
</topic>
<topic id="topic2">
<title>API description</title>
<body>
<p>Calendar Launcher API is a part of Calendar API, which provides an interface
class to operate on the Calendar. This API allows client applications to launch
the S60 Calendar application with different options.</p>
<p>Calendar is opened as a standalone application by default, not as embedded.
The Calendar application closes after the user closes the viewer or editor.
This happens even if the Calendar application was already running in the background
before Calendar Launcher API was called.</p>
</body>
<topic id="topic2.1">
<title>Use cases</title>
<body>
<p>The main use cases of the Calendar Launcher API are the following:</p>
<p><ul>
<li>Launch the calendar and edit an entry</li>
<li>Launch the calendar and view an entry</li><?Pub Caret?>
<li>Launch the calendar to a view</li>
</ul></p>
</body>
</topic>
<topic id="topic2.2">
<title>API class structure</title>
<body>
<p>The main class of Calendar Launcher API is shown in <xref href="#topic2.2__fig1">Figure
1</xref>.</p>
<fig id="fig1">
<title>Class diagram of CalenLauncher</title>
<image href="images\Calendar_Launcher_Class.png"></image></fig>
<p>The class <apiname>CalenLauncher</apiname> is used to launch the Calendar
application. The argument <codeph>aFlags</codeph> in all methods is kept for
future use,  and it currently defaults to zero.</p>
</body>
</topic>
</topic>
<topic id="topic3">
<title> Using Calendar Launcher API</title>
<body>
<p>The most common use cases of Calendar Launcher API are described below.</p>
</body>
<topic id="topic3.1">
<title>Launching Calendar and edit an entry</title>
<body>
<p>The client application can launch Calendar into the entry editor. This
entry can be a new entry or an existing entry. If the existing entry is a
repeating entry, the application can either display the entire series or a
single instance of the series. A single instance can be selected by specifying
an instance time.</p>
<p>The example below is to demonstrate how to launch the calendar with the
entry editor view.</p>
<example><codeblock>
#include "calenlauncher.h"

//launch the calendar and edit a new appointment entry.
//
CalenLauncher::NewEntryL(CCalEntry::EAppt); 
…

//launch the calendar in the entry editor.
//Assumption: uid holds the local id of the entry to be edited.
//
CalenLauncher::EditEntryL(uid); 
…

//launch the calendar in the entry editor, and open an instance of a repeating entry.
//Assumption: uid holds the id of the local entry to be edited, and time holds the instance time.
//
CalenLauncher::EditEntryL(uid, time); 
</codeblock></example>
<p>In the first case, The input argument of the method <codeph>CalenLauncher::NewEntryL()</codeph> has
the type <codeph>CCalEntry::TType</codeph>, which is defined in the header
file <i>calentry.h</i>.</p>
<p>And in the second and third cases, the input argument ‘uid’ has the type <codeph>TCalLocalUid</codeph>,
 which is defined in the header file <i>calcommon.h</i>.</p>
</body>
</topic>
<topic id="topic3.2">
<title>Launching Calendar and view an entry</title>
<body>
<p>The client application can launch Calendar and view an entry. If the existing
entry is a repeating entry, the application can either display the entire
series or a single instance of the series. A single instance can be selected
by specifying an instance time.</p>
<p>The example below is to demonstrate how to launch Calendar with the entry
viewer.</p>
<example><codeblock>
#include "calenlauncher.h"

//launch the calendar in the entry viewer.
//Assumption: uid holds the local id of the entry to be opened.
//
CalenLauncher::ViewEntryL(uid); 
…

//launch the calendar in the entry viewer, and open an instance of a repeating entry.
//Assumption: uid holds the local id of the entry to be opened, and time holds the instance time.
//
CalenLauncher::ViewEntryL(uid, time); 
</codeblock></example>
</body>
</topic>
<topic id="topic3.3">
<title>Launching Calendar to a view</title>
<body>
<p>The client application can launch Calendar to the default view or some
specified view, and focused on the specified time. The views are defined in
the header file <i>calenlauncher.h</i>. The meanings of the views are listed
below:</p>
<table>
<tgroup cols="2"><colspec colname="col1"/><colspec colname="col2"/>
<tbody>
<row>
<entry>Label</entry>
<entry>Meaning</entry>
</row>
<row>
<entry><codeph>TUid KCalMonthViewUid</codeph> </entry>
<entry>S60 month view uid</entry>
</row>
<row>
<entry><codeph>TUid KCalWeekViewUid</codeph></entry>
<entry>S60 week view uid</entry>
</row>
<row>
<entry><codeph>TUid KCalDayViewUid</codeph></entry>
<entry>S60 day view uid</entry>
</row>
<row>
<entry><codeph>TUid KCalTodoViewUid</codeph></entry>
<entry>S60 todo view uid</entry>
</row>
<row>
<entry><codeph>TUid KCalDefaultViewUid</codeph></entry>
<entry>S60 default view uid</entry>
</row>
</tbody>
</tgroup>
</table>
<p>The default view is set by user in the Calendar settings.</p>
<p>The example below is to launch Calendar to the month view:</p>
<example><codeblock>
#include "calenlauncher.h"

//launch the calendar to the month view.
//
CalenLauncher::LaunchL(KCalMonthViewUid); 
…

// launch the calendar to the month view, and focus to the specified time.
// Assumption: time holds the specified time.
//
CalenLauncher::LaunchL(KCalMonthViewUid, time); 
</codeblock></example>
</body>
</topic>
<topic id="topic3.4">
<title>Error handling</title>
<body>
<p>All methods may leave, for example when running out of memory. Normal Symbian
OS error handling practises should be used, including using cleanup stack
and <codeph>TRAP</codeph> harness.</p>
<p>If the entry requested by the 'uid' parameter is not found in the database,
the methods do not leave. The Calendar application is silently opened and
closed in the background under this circumstance. Also if the Calendar application
was already running in the background, it is closed.</p>
<p>If the instance time specified does not correspond to a valid instance
of a repeating entry or if the entry is not repeating at all, the time parameter
is ignored and the Calendar application is still opened.</p>
</body>
</topic>
</topic>
<topic id="topic4">
<title>Glossary</title>
<body></body>
<topic id="topic4.1">
<title>Abbreviations</title>
<body>
<p>None.</p>
</body>
</topic>
<topic id="topic4.2">
<title>Definitions</title>
<body>
<p>None.</p>
</body>
</topic>
</topic>
<topic id="topic">
<title>References</title>
<body>
<p>None.</p>
</body>
</topic>
</dita>
<?Pub *0000008184?>
