﻿<?xml version="1.0" encoding="utf-8"?>
<!--Arbortext, Inc., 1988-2004, v.4002-->
<!DOCTYPE dita PUBLIC "-//IBM//DTD DITA Composite//EN"
 "ditabase.dtd">
<?Pub UDT instructions _comment FontColor="red"?>
<?Pub UDT template _font?>
<?Pub Inc?>
<dita>
<topic id="mainTopic" otherprops="" product="documentTitle" rev="DN0674967">
<title>S60 3.1 - Calendar Interim Utils2 API</title>
<prolog>
<copyright><copyryear year="2006"/><copyrholder>Nokia</copyrholder></copyright>
<metadata>
<category>SDK</category>
</metadata></prolog>
<body>
<table audience="S60 licensees" platform="3.1" rev="S603.1licensee">
<title>Changes in S603.1 Calendar Interim Utils2 documentation</title>
<tgroup cols="4">
<?PubTbl tgroup rth="1.00pt"?>
<colspec colname="col1" colwidth="0.67*"/><colspec colname="col2" colwidth="0.67*"/>
<colspec colname="col3" colwidth="1.33*"/><colspec colname="col4" colwidth="1.33*"/>
<thead>
<row>
<entry>Version</entry>
<entry>Date</entry>
<entry>Status</entry>
<entry>Description</entry>
</row>
</thead>
<tbody>
<row>
<entry>1.0</entry>
<entry>12<?Pub Caret?>.10.2006</entry>
<entry>Approved </entry>
<entry></entry>
</row>
</tbody>
</tgroup>
</table>
<table audience="S60 SDK" platform="3.1" rev="S603.1SDK">
<title>Changes in S60 3.1 Calendar Interim Utils2 </title>
<tgroup cols="2"><colspec colname="COLSPEC0" colwidth="0.33*"/><colspec colname="col1"
colwidth="1.67*"/>
<thead>
<row>
<entry>Version</entry>
<entry>Description</entry>
</row>
</thead>
<tbody>
<row>
<entry></entry>
<entry></entry>
</row>
<row>
<entry></entry>
<entry></entry>
</row>
</tbody>
</tgroup>
</table>
</body>
</topic>
<topic id="topic1">
<title>Purpose</title>
<body>
<p>The purpose of Calendar Interim Utils2 API is to provide utility methods
that extend Calendar Interim API. Calendar Interim API is introduced in Symbian
OS v9.1 (S60 3rd Edition) and replaces Agenda Model API in previous version. </p>
</body>
</topic>
<topic id="topic2">
<title>API Description</title>
<body>
<p>Calendar Interim Utils2 API can be categorized as a library API and offers
common functions used in Calendar entry manipulation, such as allocating a
new global UID or checking to see if the given entry has properties consistent
with a meeting request, etc.</p>
<p>The type of this API is a normal method call interface. This API provides
both static and non-static methods buffering some of the results so that they
do not need to be re-fetched.</p>
<p>This API is meant for applications that need to manipulate Calendar entries.</p>
</body>
<topic id="topic2.1">
<title>Use Cases</title>
<body>
<p>The most common use cases of the Calendar Interim Utils2 API are the following:</p>
<p><ul>
<li>Allocating a new global UID for Calendar entry</li>
<li>Checking whether the Meeting Request Viewer functionality is enabled and
available to use</li>
<li>Populating empty fields of a child entry with data from the parent entry</li>
<li>Storing a Calendar entry</li>
<li>Checking if a given entry has properties consistent with a meeting request</li>
</ul></p>
</body>
</topic>
<topic id="topic2.2">
<title>API Class Structure</title>
<body>
<p>The classes of the Calendar Interim Utils2 API are shown in <xref href="#topic2.2__fig1">Figure
1</xref>.</p>
<fig id="fig1">
<title>Class diagram of the Calendar Interim Utils2 API</title>
<image href="images\Calendar_Interim_Utils2_Class.png"></image></fig>
<p>Class <apiname>CCalenInterimUtils2</apiname> is derived from <apiname>CBase</apiname>,
and it contains some utility methods.</p>
</body>
</topic>
</topic>
<topic id="topic3">
<title>Using the Calendar Interim Utils2 API</title>
<body>
<p>If you intend to use the non-static methods of this API, it is recommended
for performance reasons, to allocate a single instance of the <apiname>CCalenInterimUtils2</apiname> object
for the lifetime of a process. The <codeph>GlobalUidL()</codeph> and <codeph>MRViewersEnabledL()</codeph> methods
buffer data that is non-trivial to retrieve, so it is worth keeping an instance
of the CCalenInterimUtils2 object between calls. If you intend to use only
the static methods, then it is not really worth keeping an instance of the
CCalenInterimUtils2 object in memory.</p>
</body>
<topic id="topic3.1">
<title> Allocating a new global UID for Calendar entry</title>
<body>
<p>The following code snippet demonstrates how to allocate a new global UID
and return the ownership to the caller.</p>
<example><p><codeblock>
#include &lt;CalEntry.h>
#include &lt;CalenInterimUtils2.h>

// Instantiate utils
//
CCalenInterimUtils2* utils = CCalenInterimUtils2::NewL();
CleanupStack::PushL( utils ); 

// Generate a new UID
//
HBufC8* uid = utils->GlobalUidL();
CleanupStack::PushL( uid ); 

// Create a new Calendar entry using the UID
//
CCalEntry* entry = CCalEntry::NewL( CCalEntry::EAppt, uid, CCalEntry::EMethodNone, 0);
CleanupStack::Pop( uid );
CleanupStack::PushL( entry );

// Set other property
...

// Clean up temporary variables
//
CleanupStack::Pop( entry );
CleanupStack::PopAndDestroy( utils );
</codeblock></p></example>
</body>
</topic>
<topic id="topic3.2">
<title> Checking whether the Meeting Request Viewer functionality is enabled
and  available for use</title>
<body>
<p>The following code snippet demonstrates how to check to see if the Meeting
Request Viewer functionality is enabled and available for use.</p>
<example><codeblock>
#include &lt;CalenInterimUtils2.h>

// Instantiate utils
//
CCalenInterimUtils2* utils = CCalenInterimUtils2::NewL();

// Check the Meeting Request Viewer status
//
TBool enabled = utils->MRViewersEnabledL();

// Clean up temporary variables 
// 
delete utils; 
utils = NULL; </codeblock></example>
</body>
</topic>
<topic id="topic3.3">
<title>Populating empty fields of a child entry with data from the parent
entry</title>
<body>
<p>The following code snippet demonstrates how to populate empty fields of
a child entry with data from the parent entry.</p>
<example><p><codeblock>
#include &lt;CalEntry.h>
#include &lt;CalenInterimUtils2.h>

// Instantiate utils
//
CCalenInterimUtils2* utils = CCalenInterimUtils2::NewL();
CleanupStack::PushL( utils );

// Get the parent Calendar entry
//
CCalEntry* parent = ...;
CleanupStack::PushL(parent);

// Create child Calendar entry
//
CCalEntry* child = CCalEntry::NewL( parent->EntryTypeL(),
                                    parent->UidL().AllocL(),
                                    parent->MethodL(),
                                    parent->SequenceNumberL(),
                                    parent->StartTimeL(),
                                    CalCommon::EThisOnly );
CleanupStack::PushL( child );

// Populate empty fields of child entity
//
utils->PopulateChildFromParentL( *child, *parent);

// StartAndEndTime should be set separately
//
child->SetStartAndEndTimeL( parent->StartTimeL(), parent->EndTimeL() );

// Clean up temporary variables
//
CleanupStack::PopAndDestroy( child );
CleanupStack::PopAndDestroy( parent );
CleanupStack::PopAndDestroy( utils );
</codeblock></p></example>
</body>
</topic>
<topic id="topic3.4">
<title>Storing a Calendar entry</title>
<body>
<p>The following code snippet demonstrates how to store the Calendar entry
to the Calendar database. The use of this function should be favoured over
the  direct use of the <xref format="html" href="mk:@MSITStore:Symbian_DevLib.chm::/doc_source/reference/reference-cpp/CALINTERIMAPI/CCalEntryViewClass.html#%3a%3aCCalEntryView%3a%3aStoreL%28%29"
> <codeph>CCalEntryView::StoreL</codeph></xref> function. It wraps around <codeph>CCalEntryView::StoreL</codeph> or <codeph>CCalEntryView::UpdateL</codeph
> and makes the appropriate call to either of those methods, depending on
several factors, such as whether the entry is a child or parent, and whether
it has exceptions or not. This function also handles preserving child entries
which would  be lost by a direct call to <codeph>CCalEntryView::StoreL</codeph>.</p>
<example><p><codeblock>
#include &lt;CalEntry.h>
#include &lt;CalEntryView.h>
#include &lt;CalSession.h>
#include &lt;CalenInterimUtils2.h>

// Instantiate CCalSession
//
CCalSession* calSession = ...;
CleanupStack::PushL( calSession );

// Instantiate CCalEntryView
//
CCalEntryView* entryView = CCalEntryView::NewL( *calSession, *this );
CleanupStack::PushL( entryView );

// Instantiate utils
//
CCalenInterimUtils2* utils = CCalenInterimUtils2::NewL();
CleanupStack::PushL( utils );

// Create Calendar entry
//
CCalEntry* entry = ...;
CleanupStack::PushL( entry );

// Store the Calendar entry to repository
//
iUtils->StoreL( *entryView, *entry );

// Clean up temporary variables
//
CleanupStack::PopAndDestroy( entry );
CleanupStack::PopAndDestroy( utils );
CleanupStack::PopAndDestroy( entryView );
CleanupStack::PopAndDestroy( calSession );
</codeblock></p></example>
</body>
</topic>
<topic id="topic3.5">
<title>Checking whether the given entry has properties consistent with a meeting
request</title>
<body>
<p>The following code snippet demonstrates how to check if the given entry
has properties consistent with a meeting request.</p>
<example><p><codeblock>
#include &lt;CalenInterimUtils2.h>

// Instantiate utils
//
CCalenInterimUtils2* utils = CCalenInterimUtils2::NewL();
CleanupStack::PushL( utils );

// Create Calendar entry
//
CCalEntry* entry = ...;
CleanupStack::PushL( entry );

// Check if the entry is a meeting request or not
//
TBool isMeetingRequest = utils->IsMeetingRequestL( *entry );

// Clean up temporary variables
//
CleanupStack::PopAndDestroy( entry );
CleanupStack::PopAndDestroy( utils );
</codeblock></p></example>
</body>
</topic>
<topic id="topic3.6">
<title>Error handling</title>
<body>
<p>All methods leave in case of an error situation. Normal Symbian error handling
practises should be used, e.g. using cleanup stack and trap harness.</p>
</body>
</topic>
<topic id="topic3.7">
<title>Extensions to the API</title>
<body>
<p>The Calendar Interim Utils2 API is a utility class and does not explicitly
support any kinds of extensions to it.</p>
</body>
</topic>
</topic>
<topic id="topic4">
<title>Glossary</title>
<body></body>
<topic id="topic4.1">
<title>Abbreviations</title>
<body>
<p>None.</p>
</body>
</topic>
<topic id="topic4.2">
<title>Definitions</title>
<body>
<p>None.</p>
</body>
</topic>
</topic>
<topic id="topic">
<title>References</title>
<body>
<p></p>
<table>
<tgroup cols="2"><colspec colname="col1"/><colspec colname="col2"/>
<tbody>
<row>
<entry><p>Symbian Calendar Interim API</p></entry>
<entry><p><xref format="html" href="mk:@MSITStore:Symbian_DevLib.chm::/doc_source/reference/reference-cpp/CALINTERIMAPI/index.html">CALINTERIMAPI</xref
></p></entry>
</row>
</tbody>
</tgroup>
</table>
</body>
</topic>
</dita>
<?Pub *0000010730?>
